n,Rekursif,DynamicFibonacci
10,0.248,0.151745
25,730.547,0.290946
30,7781.25,0.338675
40,991866,0.446714
50,1.34E+08,0.8096
